event_slug,title,category,tags,end_date,days_to_end,start_date,num_markets,open_markets,volume_24h,volume_total,liquidity,open_interest,competitive,comment_count,sub_market_slugs,condition_ids,description,polymarket_url
flu-hospitalization-rate-week-19-2026,"Flu Hospitalization Rate Week 19, 2026?",science,science|pandemics|rewards-20-4-5-50|weather|influenza|flu,2026-05-22T00:00:00Z,1,2026-05-15T00:02:35.413621Z,6,6,144.68,12101.08,9179.32,5182.02,0.805,0,will-the-us-flu-hospitalization-rate-per-100000-in-week-19-be-less-than-80|will-the-us-flu-hospitalization-rate-per-100000-in-week-19-be-between-80-and-85|will-the-us-flu-hospitalization-rate-per-100000-in-week-19-be-between-85-and-90|will-the-us-flu-hospitalization-rate-per-100000-in-week-19-be-between-90-and-95|will-the-us-flu-hospitalization-rate-per-100000-in-week-19-be-between-95-and-100|will-the-us-flu-hospitalization-rate-per-100000-in-week-19-be-at-least-100,0xe547ee10f9a207c75641a0239c1c09446c10aef4e4401ac1b7593ff88e8522e1|0x0616e8c9222e6612993ee11e35c6e672986d68fee3f4ee8f9edea302e1bd2614|0x78e54ad1b236a649818257e47966a961715744ec3232248dabc6870337b6a628|0x2da7bd6ee8c591ad05f712213e1c32927d45fd04ac284dc89513bbed829fb4dc|0x679c78c768b450ed103d12af6bf4f69ce7afd4b1e565d8b561c3468524533f1b|0x869eaf74b5e8662a4510b1576c671f2266002b745f9cff6cce2a723bed1a95c0,"This market will resolve according to the cumulative influenza-associated hospitalization rate per 100,000 population for the United States, as reported for the specified week. If the recorded data falls exactly between two brackets, this market will resolve to the higher bracket. The resolution sou",https://polymarket.com/event/flu-hospitalization-rate-week-19-2026
how-many-major-space-weather-events-this-week-may-17-may-23,How many major Space Weather events this week? (May 17 - May 23),science,space|weather|science,2026-05-23T00:00:00Z,2,2026-05-15T22:09:21.097212Z,7,7,11.49,341.56,1646.73,337.46,0.814,0,will-there-be-exactly-1-major-space-weather-event-this-week-515|will-there-be-exactly-3-major-space-weather-events-this-week-825|will-there-be-exactly-5-major-space-weather-events-this-week-864|will-there-be-exactly-0-major-space-weather-events-this-week-536|will-there-be-exactly-2-major-space-weather-events-this-week-629|will-there-be-exactly-4-major-space-weather-events-this-week-835|will-there-be-6-or-more-major-space-weather-events-this-week-346,0x5be2f3c7a617d84cdfaac5aba678f76149d9bbe3b21fdb17750c70f5ac30a57f|0x39be8a0e1539fa81cd72599b492c43d7a7f15dd2cef0bf78074b60e88ec2580f|0xe66ab78e56cd1d44f1e448a71df8e3f81b52fc809a4c0ef53df2f3ff41f0891d|0xf15d8d172c4a4a44399a386ffdee74a2c8f8b01f94382f6e750d7dc8e4ff0e3f|0xfbdaa8e062b85d989396531498991e4dcf76d58cae15b9799a1bcadb99df6cfa|0xf37807ba6b681c08ae2ef562ca3fe742ae9d17e6ec060c6f932fe0b35c6b3b2f|0xaec472208b6922910e1d6642c929b730f0e72103e5ecd20aa2d21d750ccab7f5,"This market will resolve according to the number of geomagnetic storms, solar radiation storms, or radio blackouts with a severity level of 3 or greater which occur between May 17, 2026, 12:00AM ET and May 23, 2026, 11:59PM ET. Otherwise, this market will resolve to ""No"". A G3 event is a geomagnetic",https://polymarket.com/event/how-many-major-space-weather-events-this-week-may-17-may-23
named-storm-forms-before-hurricane-season-197,Named storm forms before hurricane season?,science,natural-disaster|science|hurricane|climate|weather,2026-05-31T00:00:00Z,10,2025-12-04T20:35:15.954088Z,1,1,251.03,342537.11,4520.57,5041.92,0.849,0,named-storm-forms-before-hurricane-season-197,0x3d9534e655c68bd1811bdb721704d7434c6ce214a69043e9e2c4a13c25db33f5,"The 2026 Atlantic hurricane season will take place over a period lasting from June 1 to November 30. This market will resolve to ""Yes"" if NOAA names a storm in the Atlantic between December 4, 2025, and May 31, 2026. Otherwise, this market will resolve to ""No"". The resolution source for this market ",https://polymarket.com/event/named-storm-forms-before-hurricane-season-197
measles-cases-in-us-by-may-31,Measles cases in U.S. by May 31?,science,science|measles|pandemics|weather,2026-05-31T00:00:00Z,10,2026-04-27T21:56:11.705847Z,7,6,3511.94,75634.57,22674.68,27084.31,0.977,0,will-there-be-at-least-2200-measles-cases-in-the-us-by-may-31-2026-286-756-975-169|will-there-be-at-least-2000-measles-cases-in-the-us-by-may-31-2026-483-684-323-237|will-there-be-at-least-2400-measles-cases-in-the-us-by-may-31-2026-186-721-474-844|will-there-be-at-least-1950-measles-cases-in-the-us-by-may-31-2026-678|will-there-be-at-least-1800-measles-cases-in-the-us-by-may-31-2026|will-there-be-at-least-1900-measles-cases-in-the-us-by-may-31-2026|will-there-be-at-least-1925-measles-cases-in-the-us-by-may-31-2026,0x4099154492fe263d61daf66377d25f9a260aa70d00b7aae48d2b2a4463baa29c|0x0d2c9b8bbc81ef294b72a82db21b85dafaab1dbf9f7c1e3aebe531ad7bfc8e2e|0xf810fcc5fef5ecce25c9b73a7bff33c3344f211446d50871f2a97eec53106104|0x62ef8e78d55e53a0587e551b3883659c0f0f390367c15502e5db2290bbe9f845|0x1b1f702d82bbadc8af40465bc1d3b464dace6b27776370b65d256aba33aa7777|0x2784d31c02e64b9ac2ed140fd2e3657018ce6600f8e854adae4b1e409559db15|0x2e3e487328ad7d400320139498d5aa6ea44e8bdbe5c6dd45b84872d7ac4f885a,"This market will resolve to ""Yes"" if there have been the specified amount or more confirmed cases of Measles (Rubeola) in humans in the territory of the United States of America in 2026, according to the CDC case counter by May 31, 2026, 11:59 PM ET. Otherwise, this market will resolve to ""No"". The ",https://polymarket.com/event/measles-cases-in-us-by-may-31
precipitation-in-nyc-in-may,Precipitation in NYC in May?,science,precipitation|weather|science,2026-05-31T00:00:00Z,10,2026-04-28T22:22:02.83644Z,6,6,390.63,8182.48,3793.12,1967.84,0.860,0,will-nyc-have-less-than-2-inches-of-precipitation-in-may|will-nyc-have-between-2-and-3-inches-of-precipitation-in-may|will-nyc-have-between-3-and-4-inches-of-precipitation-in-may|will-nyc-have-between-4-and-5-inches-of-precipitation-in-may|will-nyc-have-between-5-and-6-inches-of-precipitation-in-may|will-nyc-have-more-than-6-inches-of-precipitation-in-may,0x329c2eb2cd491487fa5ca8f5b6dbd5e125f73a825535ce55ff00a17699aa8d5c|0x2909f77a47466405424669bb337223cd3e7c62acd2cbbc2c2ca9a977e7f9f51b|0x404e1d11ae235ba626df25dced429b848d8cb741fa72b9635cd9c84e66973d00|0x35f91847f18be8874898e35467b58067ee753ab072665e828a2df190699ad9d4|0xb9d070cf25c7c888913cff0c862c0ad77af3f37a4c0e3cd24d22256541a2a016|0x74473fdfbd2e9e752c92e58f5c478b38f68c817bb4e7981fc3161839ae654f72,"This market will resolve according to the total precipitation in inches in Central Park, New York City between May 1 and May 31, 2026, 11:59PM ET according to the National Oceanic and Atmospheric Administration (NOAA). If the reported value falls exactly between two brackets, then this market will r",https://polymarket.com/event/precipitation-in-nyc-in-may
precipitation-in-seattle-in-may,Precipitation in Seattle in May?,science,weather|science|precipitation,2026-05-31T00:00:00Z,10,2026-04-28T22:22:04.452398Z,7,7,7.50,1402.62,1658.56,876.56,0.815,0,will-seattle-have-less-than-0pt5-inches-of-precipitation-in-may|will-seattle-have-between-0pt5-and-1-inches-of-precipitation-in-may|will-seattle-have-between-1-and-1pt5-inches-of-precipitation-in-may|will-seattle-have-between-1pt5-and-2-inches-of-precipitation-in-may|will-seattle-have-between-2-and-2pt5-inches-of-precipitation-in-may|will-seattle-have-between-2pt5-and-3-inches-of-precipitation-in-may|will-seattle-have-more-than-3-inches-of-precipitation-in-may,0x4e65897edb647b5187f1ad5e948d8551f6440ddb3e068c7ca1671cf4b018b2e5|0x0210504acec9d16133a4bd02831872a40df36e7ef4b8dc40f7bc90416cbacca4|0x317e13d28baae5a4e14229fbb147f04edcb190465b838c70962005cc296053b7|0x19f982e07a64f4cc8da8208e268cf27e6a05b0d91b33a661207523376ba97e3c|0xb7e8fe0b38f79ce74de2c119fde0a484cb70cfb34654e6aa8dec66ad11d4c6bf|0x36b5ebcf6c6257695419e8cc3ee3328f0a1000b57870d471c7a650a3cf1b65eb|0xab6dd61c06b6d65fb4adcc6dcf9aad64ceb4bf8e694dbb78fd9e0f6128277403,"This market will resolve according to the total precipitation in inches in Seattle between May 1 and May 31, 2026, 11:59PM ET according to the National Oceanic and Atmospheric Administration (NOAA). The resolution source for this market will be NOAA, specifically the figure for May 2026 when the ""Mo",https://polymarket.com/event/precipitation-in-seattle-in-may
precipitation-in-london-in-may,Precipitation in London in May?,science,weather|london|england|precipitation|uk|science,2026-05-31T00:00:00Z,10,2026-04-28T22:27:17.586074Z,7,7,1295.32,6137.78,4802.54,2461.86,0.982,0,will-london-have-less-than-5mm-of-precipitation-in-may|will-london-have-between-5-10mm-of-precipitation-in-may|will-london-have-between-10-15mm-of-precipitation-in-may|will-london-have-between-15-20mm-of-precipitation-in-may|will-london-have-between-20-25mm-of-precipitation-in-may|will-london-have-between-25-30mm-of-precipitation-in-may|will-london-have-30mm-or-more-of-precipitation-in-may,0x3ff3d49ab287815f7677ab20f0324381de22517bd07a80eb524dce53ff433130|0x2102900cc23093c1e4b808a2a06839a0839702fcab9dc892b0ba8b7f905cc874|0xe3e0191062e5f8930c2f23f61dd1216139084767799c257a6f15b4426414b41d|0x1f377b1648c0dada9059f5beedb119cf1455c1c94c81947f8c2ff7ac6c3f0cc8|0x95f1ac7dc9ceb7c682529ad7942bdb7efd2b545a754338e99cb0fa323036eba0|0x9653edc0712a5da2d1f4ad71bf8c22680da7333c2496694e22c7fe5a31c89976|0xe1d99b97adc3bb50157d62f578d79912d94d1dc7ec920eae4363ea81a2a8581c,"This market will resolve according to the total precipitation in mm at Heathrow (London Airport) in May, 2026, according to the Met Office. If the reported value falls exactly between two brackets, then this market will resolve to the higher range bracket. The resolution source for this market will ",https://polymarket.com/event/precipitation-in-london-in-may
precipitation-in-seoul-in-may,Precipitation in Seoul in May?,science,science|weather|precipitation|south-korea|seoul,2026-05-31T00:00:00Z,10,2026-04-28T22:30:25.613132Z,8,8,1262.89,2982.06,4573.77,1295.00,0.942,0,will-seoul-have-less-than-100mm-of-precipitation-in-may|will-seoul-have-between-100-110mm-of-precipitation-in-may|will-seoul-have-between-110-120mm-of-precipitation-in-may|will-seoul-have-between-120-130mm-of-precipitation-in-may|will-seoul-have-between-130-140mm-of-precipitation-in-may|will-seoul-have-between-140-150mm-of-precipitation-in-may|will-seoul-have-between-150-160mm-of-precipitation-in-may|will-seoul-have-160mm-or-more-of-precipitation-in-may,0x0dc1839b198ae3ca3dc3f0c2d623feaff9269bdf9d322d7f7803d82ec5af0251|0x1815fa6f19a9da373572e1d80c2c8047fba149aef406c332dfbdac3053f4c2d3|0x3047f22e4a9bc5a3b02fcbfe250a24d6da287d231d1e56d3d314e11454bc0b2b|0x23646db5b796254f99b167e7ecd778e6438b0d4d36afc5d2be0c7286346f7c4c|0xc9c84e0b87f607df712ea503e64765976c96dfe50d7a84a530a7ecbf26ac963e|0x0bb5c50690837e5539e7cec0068ef37935cd9a352ddf202ac8d70f15c3cb530c|0x6a0bdad376b1e371c7e0f184cc4808f93204e9a2408156e5adb4c2ccdc9d70cc|0xe4bc99510e66ae6833575450cef7b4d247679faf4af8c36786d3e2705d8dc66e,"This market will resolve according to the total precipitation in mm in Seoul in May, 2026, according to the Korea Meteorological Administration's information for the region/branch of ""Seoul"". If the reported value falls exactly between two brackets, then this market will resolve to the higher range ",https://polymarket.com/event/precipitation-in-seoul-in-may
precipitation-in-hong-kong-in-may,Precipitation in Hong Kong in May?,science,science|china|hong-kong|weather|precipitation,2026-05-31T00:00:00Z,10,2026-04-28T22:34:35.87467Z,8,8,1654.64,8194.97,8797.45,2845.35,0.907,0,will-hong-kong-have-less-than-180mm-of-precipitation-in-may|will-hong-kong-have-between-180-190mm-of-precipitation-in-may|will-hong-kong-have-between-190-200mm-of-precipitation-in-may|will-hong-kong-have-between-200-210mm-of-precipitation-in-may|will-hong-kong-have-between-210-220mm-of-precipitation-in-may|will-hong-kong-have-between-220-230mm-of-precipitation-in-may|will-hong-kong-have-between-230-240mm-of-precipitation-in-may|will-hong-kong-have-240mm-or-more-of-precipitation-in-may,0xced14bc4dd9117e1042c4b98351590f3186c6331cb9e38207535cb094998018e|0xc33a64e7e4ccb396a07b99d9beb309354ccbe9be2b795fb0fbe75edf3f91e65a|0x1ddeeac89d9bfd373967e593682648ffed2242acd4745e29f6f37cd1e9e57ac6|0xd31dfffb532b21b77f742639759651d33aa869652e35ae8bfb9d7965a8e55ce3|0x1a2c85bbc78524a1b3876add43d58cdf9e5e435404ba091c67bb9d08e5ffa40e|0x112f51f4ee9cd61349ba5074979291ba023d9765306f35f927505c179a6d224e|0xee19f66ee43815862cbd66d9cdeedf0594515aa8cb3eba28e5f51487f0f4b6e7|0x5665d82505c7bd71cd34b7939f1f6dfa033a5864d03669a9388f48cb62f00fde,"This market will resolve according to the total precipitation in mm in Hong Kong between May 1 and May 31, 2026, according to the Hong Kong Observatory. The resolution source for this market will be the Hong Kong Observatory, specifically the ""Total Rainfall (mm)"" figure for all days in May 2026 und",https://polymarket.com/event/precipitation-in-hong-kong-in-may
how-many-tornadoes-in-the-us-in-may,How many Tornadoes in the US in May?,science,natural-disasters|weather|science|tornadoes,2026-06-08T00:00:00Z,18,2026-04-27T20:42:36.491665Z,9,9,164.06,432.58,1068.29,523.66,0.868,0,will-fewer-than-200-tornadoes-occur-in-the-united-states-in-may-2026|will-200-to-229-tornadoes-occur-in-the-united-states-in-may-2026|will-230-to-259-tornadoes-occur-in-the-united-states-in-may-2026|will-260-to-289-tornadoes-occur-in-the-united-states-in-may-2026|will-290-to-319-tornadoes-occur-in-the-united-states-in-may-2026|will-320-to-349-tornadoes-occur-in-the-united-states-in-may-2026|will-350-to-379-tornadoes-occur-in-the-united-states-in-may-2026|will-380-to-410-tornadoes-occur-in-the-united-states-in-may-2026|will-more-than-410-tornadoes-occur-in-the-united-states-in-may-2026,0x7e4701c8aa45133b4512d89756ffaed7e8027f3b220a0aa12069533feb10e16e|0xa399837780d9caf5ab21e2a9eafdddb08371037395f8a6aa17871b1671592045|0x251a174cdfa31db375509f98ca7d17e6ae25cab456a299cd5c534159e06aba25|0xd8e1587344587e2c032540ed1c8e8f0586d0bd0e5711320abcf9b8564e22a641|0x9da42cb4c4a8e5ac60d4f36cfcf472eea76ddb645f839fb8162c7bce3cd888af|0x417481ef0f951f0152ffe55e9465a7a6bc6621d2fa90bab8e3e9873d72f05db0|0x7c74f5ee883a9d3f8dba35eb7a0bdcf4abb7d3c286457c70fe8fbd6798a07be9|0x7ac6fd64a0410699d7d243bd05658039baa991cc0882fe4dc678ff4045ba30c0|0xc8bf3155ff9fa07ec1dc90e548b11aa1f4cc40a3d5d8ee26bcc59050171adb59,"This market will resolve according to the number of tornadoes recorded in the United States during the specified month, based on the monthly count published on the National Centers for Environmental Information U.S. Tornadoes Time Series page (see: https://www.ncei.noaa.gov/access/monitoring/tornado",https://polymarket.com/event/how-many-tornadoes-in-the-us-in-may
2026-may-1st-2nd-3rd-hottest-on-record,"2026 May 1st, 2nd, 3rd hottest on record?",science,global-temp|weather|science,2026-06-10T00:00:00Z,20,2026-04-27T20:38:07.722614Z,4,4,3425.87,180597.38,20930.59,53824.66,0.894,0,will-may-2026-be-the-1st-hottest-on-record|will-may-2026-be-the-2nd-hottest-on-record|will-may-2026-be-the-3rd-hottest-on-record|will-may-2026-be-the-4th-or-lower-hottest-on-record,0x16d5d993ca1050f2b217b3a0698e7bfc22031db76c33a9f1cec80e71079ca8e1|0x0828dc65fa08e8995a310f68de96ff95af53cd1914df72ca01acdd7bac576571|0xf3e31fd9275a993240f60a34457219ea553d33f1917329aed4633ddc13ac692d|0x79af372a2fbae1a5f2f6cff6c8a4cfd90d1ab1278262b8a941f41ff509880e72,"This market will resolve based on the data for the Global Land-Ocean Temperature Index for May 2026 versus the data points available for all other Mays on record. Note: If May 2026 is tied for first, second, or third hottest with another year, it will qualify for the bracket it ties with. The primar",https://polymarket.com/event/2026-may-1st-2nd-3rd-hottest-on-record
may-2026-temperature-increase-c,May 2026 Temperature Increase (ºC),science,weather|global-temp|science,2026-06-10T00:00:00Z,20,2026-04-27T20:40:21.060019Z,6,6,1436.04,85845.85,20131.37,26231.45,1.000,0,will-global-temperature-increase-by-less-than-1pt10c-in-may-2026|will-global-temperature-increase-by-between-1pt10c-and-1pt14c-in-may-2026|will-global-temperature-increase-by-between-1pt15c-and-1pt19c-in-may-2026|will-global-temperature-increase-by-between-1pt20c-and-1pt24c-in-may-2026|will-global-temperature-increase-by-between-1pt25c-and-1pt29c-in-may-2026|will-global-temperature-increase-by-more-than-1pt29c-in-may-2026,0x92527d75831fd332928f57940e9b5d579c0c8752e63826a23195e152f34cdcdc|0x0a29ccbbe71b87570c2c3feae6be0c42963c15e26e4dd46ccb0aa4f9d269a1bd|0x8a058b72ba812fcfa928fd9ff7a35ab0ad03a3eb5afc14ca0dd01e59f76c35fc|0x5a3f3af566a68bcab1e2bc6574afeef5d7e5176f4d3ae92c39da9e0f1b17443d|0x7e47021f7c192faa366f5e0df714ce6b82d084d0097732aa7d1ae9774445aef3|0x556163092fdb495e7a02704f01691bbe6494d2dbf6e2341b07433d83f3953cb8,"This market will resolve according to the value reported by the Global Land-Ocean Temperature Index for May 2026 when it is released. An anomaly within a named bracket for May 2026 is necessary and sufficient to resolve this market immediately once the data becomes available, regardless of whether t",https://polymarket.com/event/may-2026-temperature-increase-c
measles-cases-in-us-in-2026,Measles cases in U.S. in 2026?,science,pandemics|science|measles|rewards-20-4-5-50|climate-science|weather,2026-12-31T00:00:00Z,224,2025-12-01T18:01:15.356897Z,9,7,1065.67,7675209.15,27737.01,68677.51,0.960,0,will-there-be-at-least-5000-measles-cases-in-the-us-in-2026-436-426|will-there-be-at-least-1000-measles-cases-in-the-us-in-2026|will-there-be-at-least-2000-measles-cases-in-the-us-in-2026|will-there-be-at-least-500-measles-cases-in-the-us-in-2026|will-there-be-at-least-10000-measles-cases-in-the-us-in-2026-418-668-617|will-there-be-at-least-7500-measles-cases-in-the-us-in-2026-287-181|will-there-be-at-least-12500-measles-cases-in-the-us-in-2026-512-499|will-there-be-at-least-3000-measles-cases-in-the-us-in-2026-346|will-there-be-at-least-4000-measles-cases-in-the-us-in-2026,0xd15f77a921a1c8f807ce2c53a5c24a60876ed383c429445cd7f380a5ec8fe9ea|0x6a63b6c1393460a556604578aacbab048016d3e421ae50839e6e2ceaa27c214d|0x78e9f8bc4b6659c3b10f446527c7f5c313156e12ebd9675956f19a79e3d7578f|0x10976c1e2418f7b6bac8bcb35c9f068521a81e902b77c0197981512f9fd74bcc|0x1d916047bbca1be9808076a0590c17ff113fb92986a4b4bc7f0f962642158827|0xfa3dc3876b9210267914d74d4686a2c71bec3bf37bc1dc059a70f3e3e41ca1a7|0xf84585b48f83e2630a7b5f60b6e43188f29f1d68206685aa3753db065e6bdc09|0xe815a6ed1772fcd0b2bd5b4bfbb3e095ac17937316e6afc510e8d97fa3edf3e5|0x15a76480d8b6c81b118804d613476cffada2bea80dcaef5cf449200c81bb58c7,"This market will resolve to ""Yes"" if there have been the specified amount or more confirmed cases of Measles (Rubeola) in humans in the territory of the United States of America in 2026 according to the CDC case counter between January 1, 2026, 12:00 AM ET and December 31, 2026, 11:59 PM ET. Otherwi",https://polymarket.com/event/measles-cases-in-us-in-2026
new-pandemic-in-2026,New pandemic in 2026?,science,world|science|pandemics|climate-science|hantavirus,2026-12-31T00:00:00Z,224,2025-12-01T21:41:18.23909Z,1,1,17483.55,462948.93,62006.97,139351.35,0.871,0,new-pandemic-in-2026,0xfaa433e162e020c56c522acb2f9f7215ce6e4e4391c4fb42beba14275c0a43fe,"This market will resolve to ""Yes"" if the World Health Organization (WHO) declares any disease a pandemic between January 1, 2026 and December 31, 2026 11:59 PM ET. Otherwise, this market will resolve to ""No"". The resolution source will be official announcements from the World Health Organization.",https://polymarket.com/event/new-pandemic-in-2026
how-many-spacex-starship-launches-reach-space-in-2026,How many SpaceX Starship launches reach space in 2026?,science,spacex|space|science|elon-musk|climate-science,2026-12-31T00:00:00Z,224,2025-12-12T00:45:49.529288Z,8,8,427.18,451678.37,21157.20,9371.00,1.000,0,will-less-than-5-spacex-starship-launches-successfully-reach-space-in-2026|will-11-12-spacex-starship-launches-successfully-reach-space-in-2026|will-5-6-spacex-starship-launches-successfully-reach-space-in-2026|will-13-14-spacex-starship-launches-successfully-reach-space-in-2026|will-7-8-spacex-starship-launches-successfully-reach-space-in-2026|will-15-16-spacex-starship-launches-successfully-reach-space-in-2026|will-9-10-spacex-starship-launches-successfully-reach-space-in-2026|will-more-than-16-spacex-starship-launches-successfully-reach-space-in-2026,0xacff734fd12b552ebab5edb2220cf23c19bda7728b3673a44b0c515a2c60c3d5|0x16ffe828264931ee812ab6ba10c018c5e263506e015b07c51faa49a6272dca87|0x1fc6ebc7c289f983c41bbbabcb8f89c40dd6e1775c3fef1d4db27345900918c2|0x77e5372080c917e45857e339ff82717efac40ad50cc0f2ea6ee30f5840fb3a0c|0xbab5a91f04f1ebe8fb3842b90e0b59c04b59a17f4b7ee67aeb6ad30cdba3fdae|0x4f14f6c2c59d7e37d47fb3d35c2b952b0f88f2a73bff7b520d8f6837eaa06950|0xed0620605dbb5d1d7097883e9de344f92a35a7d4091d7f8d6337c23b16104105|0x1ee868fd07056d7072c8b6f1381939347c1205d755f2e1da9456aa13c80839b1,"This market will resolve according to the number of SpaceX Starship launches successfully reaching an altitude of 62 miles above sea level between January 1, 2026, and December 31, 2026, 11:59 PM ET. Otherwise, this market will resolve to ""No"". A successful launch is defined as the Starship taking o",https://polymarket.com/event/how-many-spacex-starship-launches-reach-space-in-2026
natural-disaster-in-2026,Natural Disaster in 2026?,science,science|weather|space|parlays|hurricane|astroid|earthquake|nasa|natural-disaster|climate|natural-disasters|climate-science,2026-12-31T00:00:00Z,224,2025-12-31T19:17:44.360933Z,1,1,47.44,219193.37,1796.62,19258.09,0.946,7,natural-disaster-in-2026,0x6262a76b26dba92b7de48e49bc9c5dce0b1e3cbd4927ba02a2292e53ab32677b,"This market will resolve to “Yes” if any of the following conditions are met during 2026 ET: - A Category 5 hurricane makes landfall in the US - A major meteor strikes (10kt+) - A major volcano erupts (VEI ≥6) - An 8.5+ earthquake occurs Otherwise, this market will resolve to “No”. If required infor",https://polymarket.com/event/natural-disaster-in-2026
major-meteor-strike-10kt-in-2026,Major meteor strike (10kt+) in 2026?,science,climate-science|spacex|space|astroid|weather|science|nasa|natural-disaster,2026-12-31T00:00:00Z,224,2025-12-31T18:27:29.946308Z,1,1,17.93,154206.94,6184.38,32621.25,0.896,0,major-meteor-strike-10kt-in-2026,0xeb85e2b50d4d691325f8e906fff3ab156ad7d2b4086d7b5c19108d601969c628,"This market will resolve to ""Yes"" if a natural meteoroid (bolide) explodes in Earth's atmosphere with a total impact energy greater than or equal to 10 kilotons of TNT equivalent between January 1 and December 31, 2026, 11:59 PM ET. Otherwise, this market will resolve to “No”. The object must be cla",https://polymarket.com/event/major-meteor-strike-10kt-in-2026
5kt-meteor-strike-in-2026,5kt meteor strike in 2026?,science,climate-science|astroid|nasa|space|natural-disaster|spacex|science|weather,2026-12-31T00:00:00Z,224,2025-12-31T17:14:32.680594Z,1,1,6.12,300708.83,3011.49,16525.78,0.970,0,5kt-meteor-strike-in-2026,0x1c66ddebd71554a554cbdeeab22baf19898a1c6f8bd50302d7b54e47c4c91106,"This market will resolve to ""Yes"" if a natural meteoroid (bolide) explodes in Earth's atmosphere with a total impact energy greater than or equal to 5 kilotons of TNT equivalent between January 1 and December 31, 2026, 11:59 PM ET. Otherwise, this market will resolve to “No”. The object must be clas",https://polymarket.com/event/5kt-meteor-strike-in-2026
100kt-meteor-strike-in-2026,100kt meteor strike in 2026?,science,space|spacex|science|climate-science,2026-12-31T00:00:00Z,224,2026-01-02T20:46:13.944659Z,1,1,17.21,7400.00,2569.65,2470.25,0.870,4,100kt-meteor-strike-in-2026,0x4d7e157d5f88d4735371e8b68be5fd58e5f745c957d2ce63f855cb0f55519cb4,"This market will resolve to ""Yes"" if a natural meteoroid (bolide) explodes in Earth's atmosphere with a total impact energy greater than or equal to 100 kilotons of TNT equivalent between January 1 and December 31, 2026, 11:59 PM ET. Otherwise, this market will resolve to “No”. The object must be cl",https://polymarket.com/event/100kt-meteor-strike-in-2026
1-megaton-meteor-strike-in-2026,1 megaton meteor strike in 2026?,science,science|spacex|weather|climate-science|space,2026-12-31T00:00:00Z,224,2026-01-02T20:46:00.402646Z,1,1,64.41,106219.49,17323.66,15022.81,0.819,5,1-megaton-meteor-strike-in-2026,0x877b8ff7d1610a2d08c33cdd75b07f1bdfc8caf329cf1c7f42836693957e0cb3,"This market will resolve to ""Yes"" if a natural meteoroid (bolide) explodes in Earth's atmosphere with a total impact energy greater than or equal to 1 megaton (1000 kilotons) of TNT equivalent between January 1 and December 31, 2026, 11:59 PM ET. Otherwise, this market will resolve to “No”. The obje",https://polymarket.com/event/1-megaton-meteor-strike-in-2026
new-coronavirus-pandemic-in-2026,New Coronavirus Pandemic in 2026?,science,disease|science|pandemics|climate-science,2026-12-31T00:00:00Z,224,2026-01-06T19:45:29.211049Z,1,1,66.49,13991.25,6117.41,4186.99,0.838,0,new-coronavirus-pandemic-in-2026,0x3dec83132c57c32848641f9fdf6e87687f7a5f7f4bdd8f33368bb5fdecb96b74,"This market will resolve to ""Yes"" if the World Health Organization (WHO) declares a new COVID pandemic other than COVID-19 (SARS-CoV-2) between market creation and December 31, 2026, 11:59 PM ET. Otherwise, this market will resolve to ""No"". The resolution source will be official announcements from t",https://polymarket.com/event/new-coronavirus-pandemic-in-2026
cdc-issues-level-4-warning-by-december-31-647,CDC issues Level 4 warning by December 31?,science,pandemics|climate-science|science|disease,2026-12-31T00:00:00Z,224,2026-01-19T20:35:38.179262Z,1,1,0.00,71630.09,3185.16,3609.26,0.927,0,cdc-issues-level-4-warning-by-december-31-647,0x0ae89ed96d142cbd7a1ae13c8577056cb062311b944e28dda9938f72e189bcc4,"This market will resolve to ""Yes"" if the CDC issues a Level 4 (“Avoid All Travel”) Travel Health Notice for any disease by December 31, 2026, 11:59 PM ET. Otherwise, this market will resolve to ""No"". A Level 4 notice listed for any amount of time during this market’s timeframe will suffice for a ""Ye",https://polymarket.com/event/cdc-issues-level-4-warning-by-december-31-647
vesuvius-eruption-with-1-vei-in-2026,Vesuvius eruption with 1+ VEI in 2026?,science,weather|science|mt-vesuvius|erupt|volcano|italy,2026-12-31T00:00:00Z,224,2026-04-21T19:41:50.257919Z,1,1,0.00,431.41,127.18,234.76,0.847,3,vesuvius-eruption-with-1-vei-in-2026,0xbc2bd489999a67140c9e89633453eb9c2cba202b010cd1c6efdc6ea1da03e9ae,"This market will resolve to ""Yes"" if the Vesuvius volcano erupts with a Volcanic Explosivity Index (VEI) of 1 or greater between market creation and December 31, 2026, 11:59 PM ET. Otherwise, this market will resolve to “No”. The primary resolution source will be the Smithsonian Institution Global V",https://polymarket.com/event/vesuvius-eruption-with-1-vei-in-2026
will-any-month-of-2026-be-the-hottest-on-record,Will any month of 2026 be the hottest on record?,science,weather|science|climate-science|global-temp,2027-01-10T00:00:00Z,234,2026-02-09T23:31:25.959226Z,1,1,52.64,138057.50,2410.30,20481.80,0.874,3,will-any-month-of-2026-be-the-hottest-on-record,0x37402c8c83fc8b43193b19275e760e66c75dea14406977d47a73241c526b6cf2,"This market will resolve based on the data for the Global Land-Ocean Temperature Index for any month of 2026 versus the data points available for all years for the relevant month on record. If any month of 2026 is the hottest of that month for any year in record, this market will resolve to ""Yes"". O",https://polymarket.com/event/will-any-month-of-2026-be-the-hottest-on-record
how-many-tornadoes-in-the-us-in-2026,How many Tornadoes in the US in 2026?,science,weather|natural-disasters|climate-science|science,2027-01-10T00:00:00Z,234,2026-02-24T23:53:54.529801Z,8,8,40.71,72299.22,8560.34,3245.03,0.888,2,will-950-to-999-tornadoes-occur-in-the-united-states-in-2026|will-1050-to-1099-tornadoes-occur-in-the-united-states-in-2026|will-1150-to-1199-tornadoes-occur-in-the-united-states-in-2026|will-1250-or-more-tornadoes-occur-in-the-united-states-in-2026|will-fewer-than-950-tornadoes-occur-in-the-united-states-in-2026|will-1000-to-1049-tornadoes-occur-in-the-united-states-in-2026|will-1100-to-1149-tornadoes-occur-in-the-united-states-in-2026|will-1200-to-1249-tornadoes-occur-in-the-united-states-in-2026,0x2b6b656cafbe95d68d10bd35774ad1408eb9ef08bbbf090e98497565bf63fc1b|0x432241aa06ba19b8a927cdc6d8e783eaf41eff86b8e38da114724a05f7b14c10|0x36a1c5ecca3ee9bcf8ba8e043b522c1d7a7475101738c3c36156a46fdd81af0b|0x8573d651a82cbec45f07062b45f3d57a53767d25f71cee58bc3b8cceba591d4d|0x6ccd6176f2eafc06ca9811f0dfb19f602d30fe4405979c097dc91c428e573a3a|0x16e8a970acb9a342c75b8ca28311603003db98e35aa9bada3a7599911033cd47|0x24b8558c606d7c644884761a13b9f40dec7cbc6288e053ed5e746ad1cd2d43ff|0xd1557000fc1cfb78db7a0e7a241ec88eddc33dc9261bbdd282a692b32a405a5d,"This market will resolve according to the number of tornadoes recorded in the United States in 2026, based on the monthly counts published on the National Centers for Environmental Information U.S. Tornadoes Time Series page (see: https://www.ncei.noaa.gov/access/monitoring/tornadoes/time-series). O",https://polymarket.com/event/how-many-tornadoes-in-the-us-in-2026
